booking_id,req_id,service_providerid,end_time
3001,2062,132,11:53:00
3002,2022,137,20:21:00
3003,2023,138,18:34:00
3004,2007,122,17:13:00
3005,2014,129,13:39:00
3006,2039,139,22:12:00
3007,2015,130,18:55:00
3008,2062,117,11:53:00
3009,2018,148,21:14:00
3010,2003,133,16:17:00
3011,2042,112,19:41:00
3012,2053,108,15:31:00
3013,2038,123,12:01:00
3014,2064,149,11:54:00
3015,2045,130,12:13:00
3016,2043,128,13:02:00
3017,2066,121,18:19:00
3018,2059,144,12:21:00
3019,2018,118,21:14:00
3020,2023,123,18:34:00
3021,2021,106,14:10:00
3022,2062,102,11:53:00
3023,2011,141,13:19:00
3024,2068,138,22:22:00
3025,2049,119,20:12:00
3026,2058,143,22:36:00
3027,2060,130,14:04:00
3028,2045,115,12:13:00
3029,2019,149,11:28:00
3030,2007,137,17:13:00
3031,2002,147,17:25:00
3032,2059,129,12:21:00
3033,2011,111,13:19:00
3034,2054,124,17:57:00
3035,2048,148,11:55:00
3036,2046,131,12:11:00
3037,2029,129,18:02:00
3038,2006,121,22:18:00
3039,2031,101,14:09:00
3040,2027,127,19:19:00
3041,2031,146,14:09:00
3042,2043,143,13:02:00
3043,2040,140,18:57:00
3044,2067,122,20:54:00
3045,2019,134,11:28:00
3046,2014,144,13:39:00
3047,2068,123,22:22:00
3048,2046,116,12:11:00
3049,2001,146,17:20:00
3050,2004,104,20:23:00
